tool	CPAchecker 1.4-svn 17230M	CPAchecker 1.4-svn 17230M	CPAchecker 1.4-svn 17230M	CPAchecker 1.4-svn 17230M
run set	symEx-ref-locPrec	symEx-ref-locPrec	symEx-ref-leqImplication-locPrec	symEx-ref-leqImplication-locPrec
../svcomp15/	status	stopped	status	stopped
floats-cdfpl/newton_2_8_false-unreach-call.i	TIMEOUT	2	false(reach)	2
float-benchs/sin_interpolated_index_true-unreach-call.c	TIMEOUT	9	ERROR	10
ldv-consumption/32_7a_cilled_true-unreach-call_linux-3.8-rc1-32_7a-drivers--staging--bcm--bcm_wimax.ko-ldv_main2_sequence_infinite_withcheck_stateful.cil.out.c	true	2242864	TIMEOUT	2057388
ldv-consumption/32_7a_cilled_true-unreach-call_linux-3.8-rc1-drivers--scsi--aic7xxx_old.ko-main.cil.out.c	true	530311	TIMEOUT	474442
ldv-linux-3.16-rc1/205_9a_array_safes_linux-3.16-rc1.tar.xz-205_9a-drivers--net--wireless--rtlwifi--btcoexist--btcoexist.ko-entry_point_true-unreach-call.cil.out.c	true	734960	TIMEOUT	649711
systemc/mem_slave_tlm.2_true-unreach-call_false-termination.cil.c	true	1732	TIMEOUT	1724
seq-pthread/cs_stack_false-unreach-call.i	false(reach)	13023	TIMEOUT	16054
